command,expansion
/test, Hey guys this is Test Bayyari.
/LILBABY,First of all
/testt,test
/LILBABY,First of all
/LILBABY,First of all
/LILBABY,First of all
/LILBABY,First of all
/LILBABY,First of all
/LILBABY,First of all
/LILBABY,First of all
/LILBABY,First of all
/LILBABY,First of all
/LILBABY,First of all
/LILBABY,First of all
/LILBABY,First of all
/LILBABY,First of all
/LILBABY,First of all
/LILBABY,First of all
/LILBABY,First of all
/LILBABY,First of all
/LILBABY,First of all
